Number,Rider Name,Rider Country,Rider Country Flag,Date,Date2,Year,Place,Race,Event,Machine
1,Victor Surridge,England,http://upload.wikimedia.org/wikipedia/en/thumb/b/be/Flag_of_England.svg/22px-Flag_of_England.svg.png,27 June 1911,1911-06-27T00:00:00Z,1911,Glen Helen,1911 Isle of Man TT,Practice,Rudge-Whitworth
2,Frank R Bateman,England,http://upload.wikimedia.org/wikipedia/en/thumb/b/be/Flag_of_England.svg/22px-Flag_of_England.svg.png,6 June 1913,1913-06-06T00:00:00Z,1913,Creg-na-Baa,1913 Isle of Man TT,Senior TT,499cc Rudge
3,Fred Walker,United Kingdom,http://upload.wikimedia.org/wikipedia/en/thumb/a/ae/Flag_of_the_United_Kingdom.svg/22px-Flag_of_the_United_Kingdom.svg.png,19 May 1914,1914-05-19T00:00:00Z,1914,Ballaquayle Road,1914 Isle of Man TT,Junior TT,Royal Enfield
4,J H H Veasey,England,http://upload.wikimedia.org/wikipedia/en/thumb/b/be/Flag_of_England.svg/22px-Flag_of_England.svg.png,15 June 1923,1923-06-15T00:00:00Z,1923,Greeba Bridge,1923 Isle of Man TT,Senior TT,500cc Douglas
5,Ned Brew,Isle of Man,http://upload.wikimedia.org/wikipedia/commons/thumb/b/bc/Flag_of_the_Isle_of_Man.svg/22px-Flag_of_the_Isle_of_Man.svg.png,15 September 1923,1923-09-15T00:00:00Z,1923,Hillberry Corner,1923 Manx Amateur Road Races,Practice,Frera
6,J T A Temple,England,http://upload.wikimedia.org/wikipedia/en/thumb/b/be/Flag_of_England.svg/22px-Flag_of_England.svg.png,31 August 1925,1925-08-31T00:00:00Z,1925,Glentramman,1925 Manx Amateur Road Races,Practice,Norton
7,Archie Birkin,England,http://upload.wikimedia.org/wikipedia/en/thumb/b/be/Flag_of_England.svg/22px-Flag_of_England.svg.png,7 June 1927,1927-06-07T00:00:00Z,1927,Rhencullen,1927 Isle of Man TT,Practice,500cc McEvoy
8,John Cooke,England,http://upload.wikimedia.org/wikipedia/en/thumb/b/be/Flag_of_England.svg/22px-Flag_of_England.svg.png,15 June 1927,1927-06-15T00:00:00Z,1927,East Snaefell Mountain Gate,1927 Isle of Man TT,Lightweight TT,249cc DOT
9,Cecil Ashby,England,http://upload.wikimedia.org/wikipedia/en/thumb/b/be/Flag_of_England.svg/22px-Flag_of_England.svg.png,10 June 1929,1929-06-10T00:00:00Z,1929,Ballacraine,1929 Isle of Man TT,Junior TT,New Imperial
10,Doug Lamb,England,http://upload.wikimedia.org/wikipedia/en/thumb/b/be/Flag_of_England.svg/22px-Flag_of_England.svg.png,14 June 1929,1929-06-14T00:00:00Z,1929,Greeba Bridge,1929 Isle of Man TT,Senior TT,500cc Norton
11,Freddie Hicks,England,http://upload.wikimedia.org/wikipedia/en/thumb/b/be/Flag_of_England.svg/22px-Flag_of_England.svg.png,19 June 1931,1931-06-19T00:00:00Z,1931,Union Mills,1931 Isle of Man TT,Senior TT,AJS
12,Frank Longman,England,http://upload.wikimedia.org/wikipedia/en/thumb/b/be/Flag_of_England.svg/22px-Flag_of_England.svg.png,14 June 1933,1933-06-14T00:00:00Z,1933,Glentramman Corner,1933 Isle of Man TT,Lightweight TT,Excelsior
13,Arthur Pilling,England,http://upload.wikimedia.org/wikipedia/en/thumb/b/be/Flag_of_England.svg/22px-Flag_of_England.svg.png,31 August 1933,1933-08-31T00:00:00Z,1933,Hillberry Corner,1933 Manx Grand Prix,Practice,Norton
14,Syd Crabtree,England,http://upload.wikimedia.org/wikipedia/en/thumb/b/be/Flag_of_England.svg/22px-Flag_of_England.svg.png,13 June 1934,1934-06-13T00:00:00Z,1934,Stonebreakers Hut,1934 Isle of Man TT,Lightweight TT,Excelsior
15,John Gilbert,England,http://upload.wikimedia.org/wikipedia/en/thumb/b/be/Flag_of_England.svg/22px-Flag_of_England.svg.png,3 September 1934,1934-09-03T00:00:00Z,1934,Sulby Bridge,1934 Manx Grand Prix,Practice,Velocette
16,J.P.Williamson,England,http://upload.wikimedia.org/wikipedia/en/thumb/b/be/Flag_of_England.svg/22px-Flag_of_England.svg.png,6 September 1934,1934-09-06T00:00:00Z,1934,Kirk Michael Village,1934 Manx Grand Prix,Practice,498cc Rudge
17,J.A.MacDonald,England,http://upload.wikimedia.org/wikipedia/en/thumb/b/be/Flag_of_England.svg/22px-Flag_of_England.svg.png,17 June 1935,1935-06-17T00:00:00Z,1935,Union Mills,1935 Isle of Man TT,Junior TT,Norton
18,Doug Pirie,England,http://upload.wikimedia.org/wikipedia/en/thumb/b/be/Flag_of_England.svg/22px-Flag_of_England.svg.png,19 June 1935,1935-06-19T00:00:00Z,1935,33rd Milestone,1935 Isle of Man TT,Lightweight TT,New Imperial
19,Jack Moore,England,http://upload.wikimedia.org/wikipedia/en/thumb/b/be/Flag_of_England.svg/22px-Flag_of_England.svg.png,13 June 1938,1938-06-13T00:00:00Z,1938,East Mountain Gate,1938 Isle of Man TT,Junior TT,Norton
20,Percy Pritlove,England,http://upload.wikimedia.org/wikipedia/en/thumb/b/be/Flag_of_England.svg/22px-Flag_of_England.svg.png,12 September 1938,1938-09-12T00:00:00Z,1938,Union Mills,1938 Manx Grand Prix,Practice,Vincent HRD
21,Karl Gall,Austria,http://upload.wikimedia.org/wikipedia/commons/thumb/4/41/Flag_of_Austria.svg/22px-Flag_of_Austria.svg.png,2 June 1939,1939-06-02T00:00:00Z,1939,Ballaugh Bridge,1939 Isle of Man TT,Practice,BMW
22,A.W.F.Johns,England,http://upload.wikimedia.org/wikipedia/en/thumb/b/be/Flag_of_England.svg/22px-Flag_of_England.svg.png,26 August 1946,1946-08-26T00:00:00Z,1946,Ballavolley,1946 Manx Grand Prix,Practice,500cc Norton
23,Peter M Aitchinson,England,http://upload.wikimedia.org/wikipedia/en/thumb/b/be/Flag_of_England.svg/22px-Flag_of_England.svg.png,5 September 1946,1946-09-05T00:00:00Z,1946,33rd Milestone,1946 Manx Grand Prix,Senior,500cc Norton
24,Benjy Russell,Republic of Ireland,http://upload.wikimedia.org/wikipedia/commons/thumb/4/45/Flag_of_Ireland.svg/22px-Flag_of_Ireland.svg.png,9 September 1947,1947-09-09T00:00:00Z,1947,School House Corner,1947 Manx Grand Prix,Lightweight,Moto-Guzzi
25,Johan Erik van Tilburg,South Africa,http://upload.wikimedia.org/wikipedia/commons/thumb/6/67/Flag_of_South_Africa_1928-1994.svg/22px-Flag_of_South_Africa_1928-1994.svg.png,28 May 1948,1948-05-28T00:00:00Z,1948,Windy Corner/33rd Milestone,1948 Isle of Man TT,Practice,350cc AJS
26,Thomas Bryant,England,http://upload.wikimedia.org/wikipedia/en/thumb/b/be/Flag_of_England.svg/22px-Flag_of_England.svg.png,3 June 1948,1948-06-03T00:00:00Z,1948,Hillberry Corner,1948 Isle of Man TT,Practice,Velocette
27,Neil ('Noel') Christmas,England,http://upload.wikimedia.org/wikipedia/en/thumb/b/be/Flag_of_England.svg/22px-Flag_of_England.svg.png,11 June 1948,1948-06-11T00:00:00Z,1948,Douglas Road Corner,1948 Isle of Man TT,Senior TT,500cc Norton
28,Ben Drinkwater,England,http://upload.wikimedia.org/wikipedia/en/thumb/b/be/Flag_of_England.svg/22px-Flag_of_England.svg.png,13 June 1949,1949-06-13T00:00:00Z,1949,11th Milestone,1949 Isle of Man TT,Junior TT,350cc Norton
29,John Makaula-White,England,http://upload.wikimedia.org/wikipedia/en/thumb/b/be/Flag_of_England.svg/22px-Flag_of_England.svg.png,29 May 1950,1950-05-29T00:00:00Z,1950,Handley's Corner,1950 Isle of Man TT,Practice,500cc Triumph
30,Thomas A. Westfield,England,http://upload.wikimedia.org/wikipedia/en/thumb/b/be/Flag_of_England.svg/22px-Flag_of_England.svg.png,30 May 1950,1950-05-30T00:00:00Z,1950,Keppel Gate,1950 Isle of Man TT,Practice,500cc Triumph
31,Alfred Bent,England,http://upload.wikimedia.org/wikipedia/en/thumb/b/be/Flag_of_England.svg/22px-Flag_of_England.svg.png,8 September 1950,1950-09-08T00:00:00Z,1950,Birkin's Bend,1950 Manx Grand Prix,Practice,Velocette
32,Leonard C Bolshaw,England,http://upload.wikimedia.org/wikipedia/en/thumb/b/be/Flag_of_England.svg/22px-Flag_of_England.svg.png,29 May 1951,1951-05-29T00:00:00Z,1951,32nd Milestone,1951 Isle of Man TT,Practice Senior Clubmans,Triumph
33,John P. ODriscoll,England,http://upload.wikimedia.org/wikipedia/en/thumb/b/be/Flag_of_England.svg/22px-Flag_of_England.svg.png,31 May 1951,1951-05-31T00:00:00Z,1951,33rd Milestone,1951 Isle of Man TT,Practice,Rudge
34,John T Wenman,England,http://upload.wikimedia.org/wikipedia/en/thumb/b/be/Flag_of_England.svg/22px-Flag_of_England.svg.png,4 June 1951,1951-06-04T00:00:00Z,1951,Rhencullen Hill/Bishopscourt,1951 Isle of Man TT,Junior TT,Norton
35,Doug L Parris,England,http://upload.wikimedia.org/wikipedia/en/thumb/b/be/Flag_of_England.svg/22px-Flag_of_England.svg.png,4 June 1951,1951-06-04T00:00:00Z,1951,Bungalow,1951 Isle of Man TT,Junior Clubman Race,Douglas
36,Chris Horn,England,http://upload.wikimedia.org/wikipedia/en/thumb/b/be/Flag_of_England.svg/22px-Flag_of_England.svg.png,8 June 1951,1951-06-08T00:00:00Z,1951,Laurel Bank,1951 Isle of Man TT,Senior TT Race,Norton
37,J.M. Crowe,England,http://upload.wikimedia.org/wikipedia/en/thumb/b/be/Flag_of_England.svg/22px-Flag_of_England.svg.png,14 September 1951,1951-09-14T00:00:00Z,1951,Appledene,1951 Manx Grand Prix,Senior,Norton
38,Frank Fry,England,http://upload.wikimedia.org/wikipedia/en/thumb/b/be/Flag_of_England.svg/22px-Flag_of_England.svg.png,4 June 1952,1952-06-04T00:00:00Z,1952,Westwood Corner,1952 Isle of Man TT,Practice,Norton
39,Brian A. Jackson,England,http://upload.wikimedia.org/wikipedia/en/thumb/b/be/Flag_of_England.svg/22px-Flag_of_England.svg.png,2 September 1952,1952-09-02T00:00:00Z,1952,Brandywell,1952 Manx Grand Prix,Practice,496cc Norton
40,Ivor K. Arber,England,http://upload.wikimedia.org/wikipedia/en/thumb/b/be/Flag_of_England.svg/22px-Flag_of_England.svg.png,2 September 1952,1952-09-02T00:00:00Z,1952,Hillberry Corner,1952 Manx Grand Prix,Practice,Norton
41,Kenneth R.V. James,England,http://upload.wikimedia.org/wikipedia/en/thumb/b/be/Flag_of_England.svg/22px-Flag_of_England.svg.png,5 September 1952,1952-09-05T00:00:00Z,1952,Cronk-ny-Mona / Signpost Corner,1952 Manx Grand Prix,Practice,500cc Manx Norton
42,Michael Richardson,England,http://upload.wikimedia.org/wikipedia/en/thumb/b/be/Flag_of_England.svg/22px-Flag_of_England.svg.png,11 September 1952,1952-09-11T00:00:00Z,1952,Bray Hill,1952 Manx Grand Prix,Senior,348cc AJS
43,Harry L Stephen,England,http://upload.wikimedia.org/wikipedia/en/thumb/b/be/Flag_of_England.svg/22px-Flag_of_England.svg.png,8 June 1953,1953-06-08T00:00:00Z,1953,Bishopscourt,1953 Isle of Man TT,Junior TT,Norton
44,Thomas W Swarbrick,England,http://upload.wikimedia.org/wikipedia/en/thumb/b/be/Flag_of_England.svg/22px-Flag_of_England.svg.png,8 June 1953,1953-06-08T00:00:00Z,1953,13th Milestone,1953 Isle of Man TT,Junior TT,350cc AJS
45,Les Graham,England,http://upload.wikimedia.org/wikipedia/en/thumb/b/be/Flag_of_England.svg/22px-Flag_of_England.svg.png,12 June 1953,1953-06-12T00:00:00Z,1953,Quarterbridge Road,1953 Isle of Man TT,Senior TT,500cc MV Agusta
46,Geoffrey G. Walker,Australia,http://upload.wikimedia.org/wikipedia/en/thumb/b/b9/Flag_of_Australia.svg/22px-Flag_of_Australia.svg.png,12 June 1953,1953-06-12T00:00:00Z,1953,Kerrowmoar,1953 Isle of Man TT,Senior TT,Norton
47,Raymond G Ashford,England,http://upload.wikimedia.org/wikipedia/en/thumb/b/be/Flag_of_England.svg/22px-Flag_of_England.svg.png,7 June 1954,1954-06-07T00:00:00Z,1954,Laurel Bank,1954 Isle of Man TT,Practice,350cc BSA
48,Simon Sandys-Winsch,England,http://upload.wikimedia.org/wikipedia/en/thumb/b/be/Flag_of_England.svg/22px-Flag_of_England.svg.png,18 June 1954,1954-06-18T00:00:00Z,1954,Highlander,1954 Isle of Man TT,Senior TT,350cc Velocette
49,Ronald Butler,England,http://upload.wikimedia.org/wikipedia/en/thumb/b/be/Flag_of_England.svg/22px-Flag_of_England.svg.png,7 September 1954,1954-09-07T00:00:00Z,1954,Birkin's Bend,1954 Manx Grand Prix,Junior,350cc AJS
50,Eric W. Milton,England,http://upload.wikimedia.org/wikipedia/en/thumb/b/be/Flag_of_England.svg/22px-Flag_of_England.svg.png,3 September 1955,1955-09-03T00:00:00Z,1955,Birkin's Bend,1955 Manx Grand Prix,Practice,499cc BSA
51,James Watson Davie,Scotland,http://upload.wikimedia.org/wikipedia/commons/thumb/1/10/Flag_of_Scotland.svg/22px-Flag_of_Scotland.svg.png,6 September 1955,1955-09-06T00:00:00Z,1955,Gooseneck,1955 Manx Grand Prix,Junior,AJS
52,David Merridan,England,http://upload.wikimedia.org/wikipedia/en/thumb/b/be/Flag_of_England.svg/22px-Flag_of_England.svg.png,11 June 1956,1956-06-11T00:00:00Z,1956,Ballaugh Bridge,1956 Isle of Man TT,Practice,499cc BSA Gold Star
53,Peter G Kirkham,Wales,http://upload.wikimedia.org/wikipedia/commons/thumb/5/59/Flag_of_Wales_2.svg/22px-Flag_of_Wales_2.svg.png,14 June 1956,1956-06-14T00:00:00Z,1956,Waterworks Corner,1956 Isle of Man TT,Junior Clubmans,350cc BSA
54,Maurice W. Saluz,England,http://upload.wikimedia.org/wikipedia/en/thumb/b/be/Flag_of_England.svg/22px-Flag_of_England.svg.png,31 August 1956,1956-08-31T00:00:00Z,1956,Sulby Bridge,1956 Manx Grand Prix,Practice,500cc Norton
55,Charles F Salt,England,http://upload.wikimedia.org/wikipedia/en/thumb/b/be/Flag_of_England.svg/22px-Flag_of_England.svg.png,7 June 1957,1957-06-07T00:00:00Z,1957,Ballagarraghyn (Gorse Lea),1957 Isle of Man TT,Senior TT,BSA
56,John F. Antram,New Zealand,http://upload.wikimedia.org/wikipedia/commons/thumb/3/3e/Flag_of_New_Zealand.svg/22px-Flag_of_New_Zealand.svg.png,26 May 1958,1958-05-26T00:00:00Z,1958,Cruickshanks Corner,1958 Isle of Man TT,Practice,AJS
57,Desmond D. Woolf,Southern Rhodesia,http://upload.wikimedia.org/wikipedia/commons/thumb/a/af/Flag_of_Southern_Rhodesia.svg/22px-Flag_of_Southern_Rhodesia.svg.png,6 June 1958,1958-06-06T00:00:00Z,1958,Cronk Villa Cottage / Barregarrow,1958 Isle of Man TT,Senior TT,498cc Norton
58,Maurice Wassell,England,http://upload.wikimedia.org/wikipedia/en/thumb/b/be/Flag_of_England.svg/22px-Flag_of_England.svg.png,5 September 1958,1958-09-05T00:00:00Z,1958,32nd Milestone,1958 Manx Grand Prix,Practice,350cc AJS
59,John Hutchinson,England,http://upload.wikimedia.org/wikipedia/en/thumb/b/be/Flag_of_England.svg/22px-Flag_of_England.svg.png,8 September 1958,1958-09-08T00:00:00Z,1958,32nd Milestone,1958 Manx Grand Prix,Snaefell Race,350cc BSA
60,James E. Coates,England,http://upload.wikimedia.org/wikipedia/en/thumb/b/be/Flag_of_England.svg/22px-Flag_of_England.svg.png,5 September 1959,1959-09-05T00:00:00Z,1959,33rd Milestone,1959 Manx Grand Prix,Practice,AJS
61,John D. Hamilton,England,http://upload.wikimedia.org/wikipedia/en/thumb/b/be/Flag_of_England.svg/22px-Flag_of_England.svg.png,10 September 1959,1959-09-10T00:00:00Z,1959,33rd Milestone,1959 Manx Grand Prix,Senior,500cc Norton
62,John T. Sapsford,England,http://upload.wikimedia.org/wikipedia/en/thumb/b/be/Flag_of_England.svg/22px-Flag_of_England.svg.png,8 September 1960,1960-09-08T00:00:00Z,1960,Westwood Corner,1960 Manx Grand Prix,Senior,500cc BSA
63,Michael T Brookes,England,http://upload.wikimedia.org/wikipedia/en/thumb/b/be/Flag_of_England.svg/22px-Flag_of_England.svg.png,10 June 1961,1961-06-10T00:00:00Z,1961,Glentramman,1961 Isle of Man TT,Practice,499cc Norton
64,Marie Lambert,Switzerland,http://upload.wikimedia.org/wikipedia/commons/thumb/f/f3/Flag_of_Switzerland.svg/20px-Flag_of_Switzerland.svg.png,12 June 1961,1961-06-12T00:00:00Z,1961,Gob-y-Geay,1961 Isle of Man TT,Sidecar TT (Passenger),BMW
65,Ralph Rensen,England,http://upload.wikimedia.org/wikipedia/en/thumb/b/be/Flag_of_England.svg/22px-Flag_of_England.svg.png,16 June 1961,1961-06-16T00:00:00Z,1961,11th Milestone,1961 Isle of Man TT,Senior TT,Norton
66,Geofrey J Griffin,England,http://upload.wikimedia.org/wikipedia/en/thumb/b/be/Flag_of_England.svg/22px-Flag_of_England.svg.png,31 August 1961,1961-08-31T00:00:00Z,1961,Glencrutchery Road,1961 Manx Grand Prix,Practice,500cc G50 Matchless
67,Fred Neville,England,http://upload.wikimedia.org/wikipedia/en/thumb/b/be/Flag_of_England.svg/22px-Flag_of_England.svg.png,5 September 1961,1961-09-05T00:00:00Z,1961,Appledene,1961 Manx Grand Prix,Junior,350cc AJS
68,Tom Phillis,Australia,http://upload.wikimedia.org/wikipedia/en/thumb/b/b9/Flag_of_Australia.svg/22px-Flag_of_Australia.svg.png,6 June 1962,1962-06-06T00:00:00Z,1962,Laurel Bank,1962 Isle of Man TT,Junior TT,285cc Honda
69,Colin Meehan,New Zealand,http://upload.wikimedia.org/wikipedia/commons/thumb/3/3e/Flag_of_New_Zealand.svg/22px-Flag_of_New_Zealand.svg.png,6 June 1962,1962-06-06T00:00:00Z,1962,Union Mills,1962 Isle of Man TT,Junior TT,349cc AJS
70,Tom Pratt,England,http://upload.wikimedia.org/wikipedia/en/thumb/b/be/Flag_of_England.svg/22px-Flag_of_England.svg.png,4 September 1962,1962-09-04T00:00:00Z,1962,Appledene,1962 Manx Grand Prix,Junior,348cc Norton
71,Charles E Robinson,England,http://upload.wikimedia.org/wikipedia/en/thumb/b/be/Flag_of_England.svg/22px-Flag_of_England.svg.png,4 September 1962,1962-09-04T00:00:00Z,1962,Bishopscourt,1962 Manx Grand Prix,Junior,305cc Honda
72,Geofrey C. Prentice,England,http://upload.wikimedia.org/wikipedia/en/thumb/b/be/Flag_of_England.svg/22px-Flag_of_England.svg.png,4 September 1962,1962-09-04T00:00:00Z,1962,Birkin's Bend,1962 Manx Grand Prix,Junior,AJS
73,Keith T. Gawler,England,http://upload.wikimedia.org/wikipedia/en/thumb/b/be/Flag_of_England.svg/22px-Flag_of_England.svg.png,6 September 1962,1962-09-06T00:00:00Z,1962,Pinfold Cottage,1962 Manx Grand Prix,Senior,499cc Norton
74,Raymond Rowe,England,http://upload.wikimedia.org/wikipedia/en/thumb/b/be/Flag_of_England.svg/22px-Flag_of_England.svg.png,5 September 1963,1963-09-05T00:00:00Z,1963,Verandah,1963 Manx Grand Prix,Senior,499cc Norton
75,Brian W Cockrell,England,http://upload.wikimedia.org/wikipedia/en/thumb/b/be/Flag_of_England.svg/22px-Flag_of_England.svg.png,2 June 1964,1964-06-02T00:00:00Z,1964,Braddan Bridge,1964 Isle of Man TT,Practice,Norton
76,Laurence P Essery,England,http://upload.wikimedia.org/wikipedia/en/thumb/b/be/Flag_of_England.svg/22px-Flag_of_England.svg.png,9 June 1964,1964-06-09T00:00:00Z,1964,Ballaugh Bridge,1964 Isle of Man TT,Sidecar TT (Passenger),Matchless
77,George B Armstrong,England,http://upload.wikimedia.org/wikipedia/en/thumb/b/be/Flag_of_England.svg/22px-Flag_of_England.svg.png,1 September 1965,1965-09-01T00:00:00Z,1965,Sulby Bridge,1965 Manx Grand Prix,Practice,Triton
78,Toshio Fujii,Japan,http://upload.wikimedia.org/wikipedia/en/thumb/9/9e/Flag_of_Japan.svg/22px-Flag_of_Japan.svg.png,26 August 1966,1966-08-26T00:00:00Z,1966,Cruickshanks Corner,1966 Isle of Man TT,Practice,125cc Kawasaki
79,Brian Duffy,United Kingdom,http://upload.wikimedia.org/wikipedia/en/thumb/a/ae/Flag_of_the_United_Kingdom.svg/22px-Flag_of_the_United_Kingdom.svg.png,28 August 1966,1966-08-28T00:00:00Z,1966,Mountain Box,1966 Isle of Man TT,Lightweight TT,250cc Yamaha
80,Alfred E Shaw,England,http://upload.wikimedia.org/wikipedia/en/thumb/b/be/Flag_of_England.svg/22px-Flag_of_England.svg.png,10 June 1967,1967-06-10T00:00:00Z,1967,Mountain Box,1967 Isle of Man TT,Practice,500cc Norton
81,Geoffery Proctor,England,http://upload.wikimedia.org/wikipedia/en/thumb/b/be/Flag_of_England.svg/22px-Flag_of_England.svg.png,29 August 1967,1967-08-29T00:00:00Z,1967,Rhencullen Hill,1967 Manx Grand Prix,Practice,248cc Cotton
82,Kenneth E. Herbert,England,http://upload.wikimedia.org/wikipedia/en/thumb/b/be/Flag_of_England.svg/22px-Flag_of_England.svg.png,1 September 1967,1967-09-01T00:00:00Z,1967,Doran's Bend,1967 Manx Grand Prix,Practice,499cc Norton
83,Ian D.Veitch,New Zealand,http://upload.wikimedia.org/wikipedia/commons/thumb/3/3e/Flag_of_New_Zealand.svg/22px-Flag_of_New_Zealand.svg.png,10 June 1968,1968-06-10T00:00:00Z,1968,Ballagarey Corner,1968 Isle of Man TT,Lightweight TT,Kawasaki
84,Peter Ray,England,http://upload.wikimedia.org/wikipedia/en/thumb/b/be/Flag_of_England.svg/22px-Flag_of_England.svg.png,3 September 1968,1968-09-03T00:00:00Z,1968,Ballaugh Bridge,1968 Manx Grand Prix,Lightweight,Aermacchi
85,Roger Perrier,Wales,http://upload.wikimedia.org/wikipedia/commons/thumb/5/59/Flag_of_Wales_2.svg/22px-Flag_of_Wales_2.svg.png,3 September 1968,1968-09-03T00:00:00Z,1968,Kirk Michael,1968 Manx Grand Prix,Junior,Norton
86,Arthur Lavington,England,http://upload.wikimedia.org/wikipedia/en/thumb/b/be/Flag_of_England.svg/22px-Flag_of_England.svg.png,6 June 1969,1969-06-06T00:00:00Z,1969,Alpine Cottage,1969 Isle of Man TT,Practice,350cc Velocette
87,Gordon V.Taylor,England,http://upload.wikimedia.org/wikipedia/en/thumb/b/be/Flag_of_England.svg/22px-Flag_of_England.svg.png,25 August 1969,1969-08-25T00:00:00Z,1969,Alpine Cottage,1969 Manx Grand Prix,Practice,325cc Kawasaki
88,Michael L. Bennett,England,http://upload.wikimedia.org/wikipedia/en/thumb/b/be/Flag_of_England.svg/22px-Flag_of_England.svg.png,26 August 1969,1969-08-26T00:00:00Z,1969,Glen Helen,1969 Manx Grand Prix,Practice,500cc Norton
89,Iain Sidey,Scotland,http://upload.wikimedia.org/wikipedia/commons/thumb/1/10/Flag_of_Scotland.svg/22px-Flag_of_Scotland.svg.png,28 August 1969,1969-08-28T00:00:00Z,1969,Quarterbridge,1969 Manx Grand Prix,Practice,Norton
90,Les Iles,England,http://upload.wikimedia.org/wikipedia/en/thumb/b/be/Flag_of_England.svg/22px-Flag_of_England.svg.png,1 June 1970,1970-06-01T00:00:00Z,1970,Kate's Cottage,1970 Isle of Man TT,Practice,125cc Bultaco
91,Michael Collins,England,http://upload.wikimedia.org/wikipedia/en/thumb/b/be/Flag_of_England.svg/22px-Flag_of_England.svg.png,3 June 1970,1970-06-03T00:00:00Z,1970,Verandah,1970 Isle of Man TT,Practice,496cc Seeley
92,Denis Blower,England,http://upload.wikimedia.org/wikipedia/en/thumb/b/be/Flag_of_England.svg/22px-Flag_of_England.svg.png,3 June 1970,1970-06-03T00:00:00Z,1970,Mountain Box,1970 Isle of Man TT,Practice,499cc BSA Sidecar
93,Santiago Herrero,Spain,http://upload.wikimedia.org/wikipedia/en/thumb/9/9a/Flag_of_Spain.svg/22px-Flag_of_Spain.svg.png,8 June 1970,1970-06-08T00:00:00Z,1970,13th Milestone,1970 Isle of Man TT,Lightweight TT,250cc Ossa
94,John Wetherall,Malta,http://upload.wikimedia.org/wikipedia/commons/thumb/7/73/Flag_of_Malta.svg/22px-Flag_of_Malta.svg.png,12 June 1970,1970-06-12T00:00:00Z,1970,Garderner's Lane/Glen Aulydn,1970 Isle of Man TT,Senior TT,499cc Norton
95,Brian Steenson,Northern Ireland,http://upload.wikimedia.org/wikipedia/commons/thumb/8/88/Ulster_banner.svg/22px-Ulster_banner.svg.png,12 June 1970,1970-06-12T00:00:00Z,1970,Mountain Box,1970 Isle of Man TT,Senior TT,498cc Seeley
96,George Collis,England,http://upload.wikimedia.org/wikipedia/en/thumb/b/be/Flag_of_England.svg/22px-Flag_of_England.svg.png,1 September 1970,1970-09-01T00:00:00Z,1970,Handley's Corner,1970 Manx Grand Prix,Lightweight,Yamaha
97,Brian Finch,England,http://upload.wikimedia.org/wikipedia/en/thumb/b/be/Flag_of_England.svg/22px-Flag_of_England.svg.png,9 June 1971,1971-06-09T00:00:00Z,1971,Ballacraine,1971 Isle of Man TT,500cc Production Race,500cc Suzuki
98,Maurice A.Jeffery,Wales,http://upload.wikimedia.org/wikipedia/commons/thumb/5/59/Flag_of_Wales_2.svg/22px-Flag_of_Wales_2.svg.png,12 June 1971,1971-06-12T00:00:00Z,1971,Rhencullen,1971 Isle of Man TT,Senior TT,499cc Manx Norton
99,Gilberto Parlotti,Italy,http://upload.wikimedia.org/wikipedia/en/thumb/0/03/Flag_of_Italy.svg/22px-Flag_of_Italy.svg.png,9 June 1972,1972-06-09T00:00:00Z,1972,Verandah,1972 Isle of Man TT,Ultra-Lightweight TT,125cc Morbidelli
100,Chris M. Clarke,Republic of Ireland,http://upload.wikimedia.org/wikipedia/commons/thumb/4/45/Flag_of_Ireland.svg/22px-Flag_of_Ireland.svg.png,28 August 1972,1972-08-28T00:00:00Z,1972,Glen Helen,1972 Manx Grand Prix,Practice,250cc Yamaha
101,John L. Clarke,United Kingdom,http://upload.wikimedia.org/wikipedia/en/thumb/a/ae/Flag_of_the_United_Kingdom.svg/22px-Flag_of_the_United_Kingdom.svg.png,2 June 1973,1973-06-02T00:00:00Z,1973,Union Mills,1973 Isle of Man TT,250cc Production TT,Suzuki T20 Super Six
102,Eric R. Piner,United Kingdom,http://upload.wikimedia.org/wikipedia/en/thumb/a/ae/Flag_of_the_United_Kingdom.svg/22px-Flag_of_the_United_Kingdom.svg.png,5 September 1973,1973-09-05T00:00:00Z,1973,Kirk Michael,1973 Manx Grand Prix,Lightweight,250cc Yamaha
103,Peter L. Hardy,United Kingdom,http://upload.wikimedia.org/wikipedia/en/thumb/a/ae/Flag_of_the_United_Kingdom.svg/22px-Flag_of_the_United_Kingdom.svg.png,27 May 1974,1974-05-27T00:00:00Z,1974,Laurel Bank,1974 Isle of Man TT,Practice Sidecar,750cc HTS Imp
104,David J. Nixon,United Kingdom,http://upload.wikimedia.org/wikipedia/en/thumb/a/ae/Flag_of_the_United_Kingdom.svg/22px-Flag_of_the_United_Kingdom.svg.png,1 June 1974,1974-06-01T00:00:00Z,1974,Glen Helen,1974 Isle of Man TT,1000cc Production TT,741cc Triumph Trident
105,Nigel J. Christian,United Kingdom,http://upload.wikimedia.org/wikipedia/en/thumb/a/ae/Flag_of_the_United_Kingdom.svg/22px-Flag_of_the_United_Kingdom.svg.png,26 August 1974,1974-08-26T00:00:00Z,1974,Windy Corner,1974 Manx Grand Prix,Practice,250cc Yamaha
106,David Forrester,United Kingdom,http://upload.wikimedia.org/wikipedia/en/thumb/a/ae/Flag_of_the_United_Kingdom.svg/22px-Flag_of_the_United_Kingdom.svg.png,3 September 1974,1974-09-03T00:00:00Z,1974,Glen Helen,1974 Manx Grand Prix,Junior,350cc Kirby Metisse
107,Peter McKinley,United Kingdom,http://upload.wikimedia.org/wikipedia/en/thumb/a/ae/Flag_of_the_United_Kingdom.svg/22px-Flag_of_the_United_Kingdom.svg.png,28 May 1975,1975-05-28T00:00:00Z,1975,Milntown,1975 Isle of Man TT,Practice,700cc Yamaha
108,Phil Gurner,United Kingdom,http://upload.wikimedia.org/wikipedia/en/thumb/a/ae/Flag_of_the_United_Kingdom.svg/22px-Flag_of_the_United_Kingdom.svg.png,4 June 1975,1975-06-04T00:00:00Z,1975,Milntown,1975 Isle of Man TT,Senior TT,351cc Yamaha
109,Brian McComb,Northern Ireland,http://upload.wikimedia.org/wikipedia/commons/thumb/8/88/Ulster_banner.svg/22px-Ulster_banner.svg.png,2 September 1975,1975-09-02T00:00:00Z,1975,Barregarrow,1974 Manx Grand Prix,Lightweight,250cc Yamaha
110,Walter Worner,West Germany,http://upload.wikimedia.org/wikipedia/en/thumb/b/ba/Flag_of_Germany.svg/22px-Flag_of_Germany.svg.png,7 June 1976,1976-06-07T00:00:00Z,1976,Greeba Castle,1976 Isle of Man TT,Sidecar TT,496cc Yamaha
111,Les Kenny,Australia,http://upload.wikimedia.org/wikipedia/en/thumb/b/b9/Flag_of_Australia.svg/22px-Flag_of_Australia.svg.png,12 June 1976,1976-06-12T00:00:00Z,1976,Union Mills,1976 Isle of Man TT,Senior TT,250cc Yamaha
112,David Featherstone,United Kingdom,http://upload.wikimedia.org/wikipedia/en/thumb/a/ae/Flag_of_the_United_Kingdom.svg/22px-Flag_of_the_United_Kingdom.svg.png,7 September 1976,1976-09-07T00:00:00Z,1976,Alpine Cottage,1976 Manx Grand Prix,Junior,350cc Yamaha
113,Peter Tulley,United Kingdom,http://upload.wikimedia.org/wikipedia/en/thumb/a/ae/Flag_of_the_United_Kingdom.svg/22px-Flag_of_the_United_Kingdom.svg.png,30 August 1977,1977-08-30T00:00:00Z,1977,Alpine Cottage,1977 Manx Grand Prix,Practice,348cc Yamaha
114,Ivan Houston,Northern Ireland,http://upload.wikimedia.org/wikipedia/commons/thumb/8/88/Ulster_banner.svg/22px-Ulster_banner.svg.png,31 August 1977,1977-08-31T00:00:00Z,1977,Creg Willey's Hill,1977 Manx Grand Prix,Practice,250cc Yamaha
115,Norman Tricoglus,United Kingdom,http://upload.wikimedia.org/wikipedia/en/thumb/a/ae/Flag_of_the_United_Kingdom.svg/22px-Flag_of_the_United_Kingdom.svg.png,3 September 1977,1977-09-03T00:00:00Z,1977,Rhencullen,1977 Manx Grand Prix,Practice,500cc Yamaha
116,Neil Edwards,United Kingdom,http://upload.wikimedia.org/wikipedia/en/thumb/a/ae/Flag_of_the_United_Kingdom.svg/22px-Flag_of_the_United_Kingdom.svg.png,7 September 1977,1977-09-07T00:00:00Z,1977,Cruickshanks Corner,1977 Manx Grand Prix,Junior,350cc Yamaha
117,Steven Davis,United Kingdom,http://upload.wikimedia.org/wikipedia/en/thumb/a/ae/Flag_of_the_United_Kingdom.svg/22px-Flag_of_the_United_Kingdom.svg.png,1 June 1978,1978-06-01T00:00:00Z,1978,Laurel Bank,1978 Isle of Man TT,Practice,347cc Yamaha
118,Mac Hobson,United Kingdom,http://upload.wikimedia.org/wikipedia/en/thumb/a/ae/Flag_of_the_United_Kingdom.svg/22px-Flag_of_the_United_Kingdom.svg.png,5 June 1978,1978-06-05T00:00:00Z,1978,Bray Hill,1978 Isle of Man TT,Sidecar TT,750cc Yamaha
119,Kenny Birch,United Kingdom,http://upload.wikimedia.org/wikipedia/en/thumb/a/ae/Flag_of_the_United_Kingdom.svg/22px-Flag_of_the_United_Kingdom.svg.png,5 June 1978,1978-06-05T00:00:00Z,1978,Bray Hill,1978 Isle of Man TT,Sidecar TT(Passenger),750cc Yamaha
120,Ernst Trachsel,Switzerland,http://upload.wikimedia.org/wikipedia/commons/thumb/f/f3/Flag_of_Switzerland.svg/20px-Flag_of_Switzerland.svg.png,5 June 1978,1978-06-05T00:00:00Z,1978,Quarterbridge Road,1978 Isle of Man TT,Sidecar TT,499cc Suzuki
121,Mike Adler,New Zealand,http://upload.wikimedia.org/wikipedia/commons/thumb/3/3e/Flag_of_New_Zealand.svg/22px-Flag_of_New_Zealand.svg.png,9 June 1978,1978-06-09T00:00:00Z,1978,Glen Helen,1978 Isle of Man TT,Classic TT,350cc Yamaha
122,Michael L. Sharpe,United Kingdom,http://upload.wikimedia.org/wikipedia/en/thumb/a/ae/Flag_of_the_United_Kingdom.svg/22px-Flag_of_the_United_Kingdom.svg.png,29 August 1978,1978-08-29T00:00:00Z,1978,Cruickshanks Corner,1978 Manx Grand Prix,Practice,347cc Yamaha
123,Steve Verne,United Kingdom,http://upload.wikimedia.org/wikipedia/en/thumb/a/ae/Flag_of_the_United_Kingdom.svg/22px-Flag_of_the_United_Kingdom.svg.png,4 June 1979,1979-06-04T00:00:00Z,1979,Barregarow,1979 Isle of Man TT,Sidecar TT,738cc Suzuki
124,Fred Launchbury,United Kingdom,http://upload.wikimedia.org/wikipedia/en/thumb/a/ae/Flag_of_the_United_Kingdom.svg/22px-Flag_of_the_United_Kingdom.svg.png,8 June 1979,1979-06-08T00:00:00Z,1979,Glentramman,1979 Isle of Man TT,Formula III,248cc Maico
125,Steven R. Holmes,United Kingdom,http://upload.wikimedia.org/wikipedia/en/thumb/a/ae/Flag_of_the_United_Kingdom.svg/22px-Flag_of_the_United_Kingdom.svg.png,27 August 1979,1979-08-27T00:00:00Z,1979,Cruickshanks Corner,1979 Manx Grand Prix,Practice,350cc Yamaha
126,Alain Taylor,United Kingdom,http://upload.wikimedia.org/wikipedia/en/thumb/a/ae/Flag_of_the_United_Kingdom.svg/22px-Flag_of_the_United_Kingdom.svg.png,6 September 1979,1979-09-06T00:00:00Z,1979,Rhencullen,1979 Manx Grand Prix,Lightweight,246cc Yamaha
127,Martin B. Ames,United Kingdom,http://upload.wikimedia.org/wikipedia/en/thumb/a/ae/Flag_of_the_United_Kingdom.svg/22px-Flag_of_the_United_Kingdom.svg.png,31 May 1980,1980-05-31T00:00:00Z,1980,Quarterbridge Road,1980 Isle of Man TT,Sidecar TT,750cc Yamaha
128,Andrew M. Holme,United Kingdom,http://upload.wikimedia.org/wikipedia/en/thumb/a/ae/Flag_of_the_United_Kingdom.svg/22px-Flag_of_the_United_Kingdom.svg.png,2 June 1980,1980-06-02T00:00:00Z,1980,Glentramman,1980 Isle of Man TT,Sidecar TT,Yamaha
129,Roger W. Corbett,United Kingdom,http://upload.wikimedia.org/wikipedia/en/thumb/a/ae/Flag_of_the_United_Kingdom.svg/22px-Flag_of_the_United_Kingdom.svg.png,6 June 1980,1980-06-06T00:00:00Z,1980,Glen Helen,1980 Isle of Man TT,Classic Race,948cc Kawasaki
130,Kenneth M. Blake,Australia,http://upload.wikimedia.org/wikipedia/en/thumb/b/b9/Flag_of_Australia.svg/22px-Flag_of_Australia.svg.png,9 June 1981,1981-06-09T00:00:00Z,1981,Ballagarey Corner,1981 Isle of Man TT,Senior TT,350cc Yamaha
131,Alain K. Atkins,England,http://upload.wikimedia.org/wikipedia/en/thumb/b/be/Flag_of_England.svg/22px-Flag_of_England.svg.png,8 September 1983,1983-09-08T00:00:00Z,1983,Glentramman,1983 Manx Grand Prix,Senior,347cc Yamaha
132,Roger J. Cox,United Kingdom,http://upload.wikimedia.org/wikipedia/en/thumb/a/ae/Flag_of_the_United_Kingdom.svg/22px-Flag_of_the_United_Kingdom.svg.png,29 May 1984,1984-05-29T00:00:00Z,1984,Sarah's Cottage,1984 Isle of Man TT,Sidecar Practice,750cc Yamaha
133,David James Millar,Northern Ireland,http://upload.wikimedia.org/wikipedia/commons/thumb/8/88/Ulster_banner.svg/22px-Ulster_banner.svg.png,30 August 1984,1984-08-30T00:00:00Z,1984,Pinfold Cottage,1984 Manx Grand Prix,Practice,350cc Aermacchi
134,Sven Tomas Eriksson,Sweden,http://upload.wikimedia.org/wikipedia/en/thumb/4/4c/Flag_of_Sweden.svg/22px-Flag_of_Sweden.svg.png,28 May 1985,1985-05-28T00:00:00Z,1985,Alpine Cottage,1985 Isle of Man TT,Practice Sidecar TT (Passenger),750cc Yamaha
135,Mats Urban Eriksson,Sweden,http://upload.wikimedia.org/wikipedia/en/thumb/4/4c/Flag_of_Sweden.svg/22px-Flag_of_Sweden.svg.png,28 May 1985,1985-05-28T00:00:00Z,1985,Alpine Cottage,1985 Isle of Man TT,Practice Sidecar TT,750cc Yamaha
136,Rob Vine,United Kingdom,http://upload.wikimedia.org/wikipedia/en/thumb/a/ae/Flag_of_the_United_Kingdom.svg/22px-Flag_of_the_United_Kingdom.svg.png,7 June 1985,1985-06-07T00:00:00Z,1985,Black Dub,1985 Isle of Man TT,Senior TT,500cc RG Suzuki
137,Ian Ogden,Isle of Man,http://upload.wikimedia.org/wikipedia/commons/thumb/b/bc/Flag_of_the_Isle_of_Man.svg/22px-Flag_of_the_Isle_of_Man.svg.png,28 May 1986,1986-05-28T00:00:00Z,1986,11th Milestone,1986 Isle of Man TT,Practice,500cc Suzuki
138,Alan G. Jarvis,United Kingdom,http://upload.wikimedia.org/wikipedia/en/thumb/a/ae/Flag_of_the_United_Kingdom.svg/22px-Flag_of_the_United_Kingdom.svg.png,30 May 1986,1986-05-30T00:00:00Z,1986,Quarterbridge Road,1986 Isle of Man TT,Practice,750cc Yamaha
139,Eugene P. McDonnell,Northern Ireland,http://upload.wikimedia.org/wikipedia/commons/thumb/8/88/Ulster_banner.svg/22px-Ulster_banner.svg.png,4 June 1986,1986-06-04T00:00:00Z,1986,Ballaugh Bridge,1986 Isle of Man TT,Lightweight TT,250cc EMC
140,Andy Cooper,United Kingdom,http://upload.wikimedia.org/wikipedia/en/thumb/a/ae/Flag_of_the_United_Kingdom.svg/22px-Flag_of_the_United_Kingdom.svg.png,6 June 1986,1986-06-06T00:00:00Z,1986,Ballig,1986 Isle of Man TT,Senior TT,750cc Suzuki
141,Nigel Hale,United Kingdom,http://upload.wikimedia.org/wikipedia/en/thumb/a/ae/Flag_of_the_United_Kingdom.svg/22px-Flag_of_the_United_Kingdom.svg.png,27 August 1986,1986-08-27T00:00:00Z,1986,Sarah's Cottage,1985 Manx Grand Prix,Practice,250cc EMC
142,Kenneth P. Norton,Republic of Ireland,http://upload.wikimedia.org/wikipedia/commons/thumb/4/45/Flag_of_Ireland.svg/22px-Flag_of_Ireland.svg.png,25 August 1987,1987-08-25T00:00:00Z,1987,33rd Milestone,1987 Manx Grand Prix,Practice,350cc Yamaha
143,Martin Jennings,United Kingdom,http://upload.wikimedia.org/wikipedia/en/thumb/a/ae/Flag_of_the_United_Kingdom.svg/22px-Flag_of_the_United_Kingdom.svg.png,1 September 1987,1987-09-01T00:00:00Z,1987,Rhencullen,1987 Manx Grand Prix,Practice,350cc Yamaha
144,Ricky Dumble,United Kingdom,http://upload.wikimedia.org/wikipedia/en/thumb/a/ae/Flag_of_the_United_Kingdom.svg/22px-Flag_of_the_United_Kingdom.svg.png,2 June 1988,1988-06-02T00:00:00Z,1988,Quarterbridge Road,1988 Isle of Man TT,Practice,750cc Yamaha
145,Kenneth N. Harmer,United Kingdom,http://upload.wikimedia.org/wikipedia/en/thumb/a/ae/Flag_of_the_United_Kingdom.svg/22px-Flag_of_the_United_Kingdom.svg.png,3 June 1988,1988-06-03T00:00:00Z,1988,Water Works Corner,1988 Isle of Man TT,Practice,750cc Honda RC 30
146,Brian Warburton,United Kingdom,http://upload.wikimedia.org/wikipedia/en/thumb/a/ae/Flag_of_the_United_Kingdom.svg/22px-Flag_of_the_United_Kingdom.svg.png,3 June 1988,1988-06-03T00:00:00Z,1988,Appledene,1988 Isle of Man TT,Production TT,600cc Honda
147,Marco Fattorelli,Italy,http://upload.wikimedia.org/wikipedia/en/thumb/0/03/Flag_of_Italy.svg/22px-Flag_of_Italy.svg.png,30 May 1989,1989-05-30T00:00:00Z,1989,Greeba Castle,1989 Isle of Man TT,Practice,750cc Yamaha
148,John Mulcahy,United Kingdom,http://upload.wikimedia.org/wikipedia/en/thumb/a/ae/Flag_of_the_United_Kingdom.svg/22px-Flag_of_the_United_Kingdom.svg.png,30 May 1989,1989-05-30T00:00:00Z,1989,Barregarrow,1989 Isle of Man TT,Practice,1300cc Suzuki
149,Phil Hogg,Isle of Man,http://upload.wikimedia.org/wikipedia/commons/thumb/b/bc/Flag_of_the_Isle_of_Man.svg/22px-Flag_of_the_Isle_of_Man.svg.png,2 June 1989,1989-06-02T00:00:00Z,1989,Ballagarey Corner,1989 Isle of Man TT,Practice,250cc TZ Yamaha
150,Phil Mellor,United Kingdom,http://upload.wikimedia.org/wikipedia/en/thumb/a/ae/Flag_of_the_United_Kingdom.svg/22px-Flag_of_the_United_Kingdom.svg.png,7 June 1989,1989-06-07T00:00:00Z,1989,Doran's Bend,1989 Isle of Man TT,Production TT,1100cc GSXR Suzuki
151,Steve Henshaw,United Kingdom,http://upload.wikimedia.org/wikipedia/en/thumb/a/ae/Flag_of_the_United_Kingdom.svg/22px-Flag_of_the_United_Kingdom.svg.png,7 June 1989,1989-06-07T00:00:00Z,1989,Quarry Bends,1989 Isle of Man TT,Production TT,1000cc FZR Yamaha
152,Colin Keith,Scotland,http://upload.wikimedia.org/wikipedia/commons/thumb/1/10/Flag_of_Scotland.svg/22px-Flag_of_Scotland.svg.png,29 August 1989,1989-08-29T00:00:00Z,1989,Hillberry Corner,1989 Manx Grand Prix,Practice,500cc BSA
153,Ian Standeven,United Kingdom,http://upload.wikimedia.org/wikipedia/en/thumb/a/ae/Flag_of_the_United_Kingdom.svg/22px-Flag_of_the_United_Kingdom.svg.png,6 September 1989,1989-09-06T00:00:00Z,1989,Rhencullen,1989 Manx Grand Prix,Junior,347cc Yamaha
154,John Smyth,Isle of Man,http://upload.wikimedia.org/wikipedia/commons/thumb/b/bc/Flag_of_the_Isle_of_Man.svg/22px-Flag_of_the_Isle_of_Man.svg.png,8 September 1989,1989-09-08T00:00:00Z,1989,Verandah,1989 Manx Grand Prix,Senior,1100cc Suzuki
155,Bernard Trout,United Kingdom,http://upload.wikimedia.org/wikipedia/en/thumb/a/ae/Flag_of_the_United_Kingdom.svg/22px-Flag_of_the_United_Kingdom.svg.png,3 September 1990,1990-09-03T00:00:00Z,1990,"Hawthorn, Greeba",1990 Manx Grand Prix,Lightweight Classic,250cc Ducati
156,Kevin Howe,United Kingdom,http://upload.wikimedia.org/wikipedia/en/thumb/a/ae/Flag_of_the_United_Kingdom.svg/22px-Flag_of_the_United_Kingdom.svg.png,7 September 1990,1990-09-07T00:00:00Z,1990,Schoolhouse Corner,1990 Manx Grand Prix,Senior,750cc VFR Honda
157,Ian Young,United Kingdom,http://upload.wikimedia.org/wikipedia/en/thumb/a/ae/Flag_of_the_United_Kingdom.svg/22px-Flag_of_the_United_Kingdom.svg.png,28 May 1991,1991-05-28T00:00:00Z,1991,Appledene,1991 Isle of Man TT,Practice,Suzuki RGV 250cc
158,Petr Hlavatka,Czechoslovakia,http://upload.wikimedia.org/wikipedia/commons/thumb/2/2d/Flag_of_Czechoslovakia.svg/22px-Flag_of_Czechoslovakia.svg.png,29 May 1991,1991-05-29T00:00:00Z,1991,The Nook,1991 Isle of Man TT,Practice,750cc Suzuki
159,Frank Duffy,Republic of Ireland,http://upload.wikimedia.org/wikipedia/commons/thumb/4/45/Flag_of_Ireland.svg/22px-Flag_of_Ireland.svg.png,30 May 1991,1991-05-30T00:00:00Z,1991,Kerrowmoar,1991 Isle of Man TT,Practice,125cc Honda
160,Roy Anderson,Scotland,http://upload.wikimedia.org/wikipedia/commons/thumb/1/10/Flag_of_Scotland.svg/22px-Flag_of_Scotland.svg.png,1 June 1991,1991-06-01T00:00:00Z,1991,Stonebreakers Hut,1991 Isle of Man TT,Formula 1 TT,750cc Yamaha
161,Paul Rome,Isle of Man,http://upload.wikimedia.org/wikipedia/commons/thumb/b/bc/Flag_of_the_Isle_of_Man.svg/22px-Flag_of_the_Isle_of_Man.svg.png,29 August 1991,1991-08-29T00:00:00Z,1991,Cronk-ny-Mona,1991 Manx Grand Prix,Practice,250cc Yamaha
162,Mark Jackson,United Kingdom,http://upload.wikimedia.org/wikipedia/en/thumb/a/ae/Flag_of_the_United_Kingdom.svg/22px-Flag_of_the_United_Kingdom.svg.png,September 1991,September 1991,1991,Glentramman,1991 Manx Grand Prix,Senior,600cc CBR F Honda
163,Manfred Stengl,Austria,http://upload.wikimedia.org/wikipedia/commons/thumb/4/41/Flag_of_Austria.svg/22px-Flag_of_Austria.svg.png,6 June 1992,1992-06-06T00:00:00Z,1992,33rd Milestone,1992 Isle of Man TT,Formula 1 TT,750cc Suzuki
164,Craig Mason,United Kingdom,http://upload.wikimedia.org/wikipedia/en/thumb/a/ae/Flag_of_the_United_Kingdom.svg/22px-Flag_of_the_United_Kingdom.svg.png,3 September 1992,1992-09-03T00:00:00Z,1992,Glentramman,1992 Manx Grand Prix,Junior,249cc Yamaha
165,John Judge,United Kingdom,http://upload.wikimedia.org/wikipedia/en/thumb/a/ae/Flag_of_the_United_Kingdom.svg/22px-Flag_of_the_United_Kingdom.svg.png,3 September 1992,1992-09-03T00:00:00Z,1992,Rhencullen,1992 Manx Grand Prix,Junior,600cc FZR Yamaha
166,Steve Harding,United Kingdom,http://upload.wikimedia.org/wikipedia/en/thumb/a/ae/Flag_of_the_United_Kingdom.svg/22px-Flag_of_the_United_Kingdom.svg.png,9 June 1993,1993-06-09T00:00:00Z,1993,Laurel Bank,1993 Isle of Man TT,600cc Supersport Race,600cc FZR Yamaha
167,Cliff Gobell,United Kingdom,http://upload.wikimedia.org/wikipedia/en/thumb/a/ae/Flag_of_the_United_Kingdom.svg/22px-Flag_of_the_United_Kingdom.svg.png,29 August 1993,1993-08-29T00:00:00Z,1993,Quarry Bends,1993 Manx Grand Prix,Senior Classic,192cc Weslake
168,Kenneth J. Virgo,United Kingdom,http://upload.wikimedia.org/wikipedia/en/thumb/a/ae/Flag_of_the_United_Kingdom.svg/22px-Flag_of_the_United_Kingdom.svg.png,3 September 1993,1993-09-03T00:00:00Z,1993,Handley's Corner,1993 Manx Grand Prix,Lightweight,250cc Yamaha
169,Rob Mitchell,Scotland,http://upload.wikimedia.org/wikipedia/commons/thumb/1/10/Flag_of_Scotland.svg/22px-Flag_of_Scotland.svg.png,2 June 1994,1994-06-02T00:00:00Z,1994,Gooseneck,1994 Isle of Man TT,Practice,Yamaha FZR 600cc
170,Mark Farmer,United Kingdom,http://upload.wikimedia.org/wikipedia/en/thumb/a/ae/Flag_of_the_United_Kingdom.svg/22px-Flag_of_the_United_Kingdom.svg.png,2 June 1994,1994-06-02T00:00:00Z,1994,Black Dub,1994 Isle of Man TT,Practice,Britten V-Twin 1000cc
171,Paul Fargher,Isle of Man,http://upload.wikimedia.org/wikipedia/commons/thumb/b/bc/Flag_of_the_Isle_of_Man.svg/22px-Flag_of_the_Isle_of_Man.svg.png,3 June 1995,1995-06-03T00:00:00Z,1995,Sulby Straight,1995 Isle of Man TT,Sidecar TT Practice(Passenger),600cc Yamaha
172,Duncan Muir,United Kingdom,http://upload.wikimedia.org/wikipedia/en/thumb/a/ae/Flag_of_the_United_Kingdom.svg/22px-Flag_of_the_United_Kingdom.svg.png,30 August 1995,1995-08-30T00:00:00Z,1995,Guthrie's Memorial,1995 Manx Grand Prix,Junior,600cc Honda
173,Nicholas E.A. Teale,United Kingdom,http://upload.wikimedia.org/wikipedia/en/thumb/a/ae/Flag_of_the_United_Kingdom.svg/22px-Flag_of_the_United_Kingdom.svg.png,1 September 1995,1995-09-01T00:00:00Z,1995,Alpine Cottage,1995 Manx Grand Prix,Lightweight,250cc Yamaha
174,Aaron Kennedy,England,http://upload.wikimedia.org/wikipedia/en/thumb/b/be/Flag_of_England.svg/22px-Flag_of_England.svg.png,27 May 1996,1996-05-27T00:00:00Z,1996,Crosby Cross-Roads,1996 Isle of Man TT,Sidecar TT Practice(Passenger),600cc Kawasaki
175,Rob Holden,New Zealand,http://upload.wikimedia.org/wikipedia/commons/thumb/3/3e/Flag_of_New_Zealand.svg/22px-Flag_of_New_Zealand.svg.png,31 May 1996,1996-05-31T00:00:00Z,1996,Glen Helen,1996 Isle of Man TT,Practice,916 Ducati
176,Mick Lofthouse,England,http://upload.wikimedia.org/wikipedia/en/thumb/b/be/Flag_of_England.svg/22px-Flag_of_England.svg.png,31 May 1996,1996-05-31T00:00:00Z,1996,Pinfold Cottage (Sky Hill),1996 Isle of Man TT,Practice,250cc Spondon Yamaha
177,Stephen J. Tannock,England,http://upload.wikimedia.org/wikipedia/en/thumb/b/be/Flag_of_England.svg/22px-Flag_of_England.svg.png,1 June 1996,1996-06-01T00:00:00Z,1996,Churchtown,1996 Isle of Man TT,Formula 1 TT,Honda RC 30
178,Nigel Haddon,United Kingdom,http://upload.wikimedia.org/wikipedia/en/thumb/a/ae/Flag_of_the_United_Kingdom.svg/22px-Flag_of_the_United_Kingdom.svg.png,19 August 1996,1996-08-19T00:00:00Z,1996,Stonebreakers Hut,1996 Manx Grand Prix,Practice,750cc Honda
179,Jack Gow,Scotland,http://upload.wikimedia.org/wikipedia/commons/thumb/1/10/Flag_of_Scotland.svg/22px-Flag_of_Scotland.svg.png,19 August 1996,1996-08-19T00:00:00Z,1996,32nd Milestone,1996 Manx Grand Prix,Practice,350cc Norton
180,Russell Waring,England,http://upload.wikimedia.org/wikipedia/en/thumb/b/be/Flag_of_England.svg/22px-Flag_of_England.svg.png,26 May 1997,1997-05-26T00:00:00Z,1997,Union Mills,1997 Isle of Man TT,Practice,125cc TZ Yamaha
181,Colin Gable,England,http://upload.wikimedia.org/wikipedia/en/thumb/b/be/Flag_of_England.svg/22px-Flag_of_England.svg.png,26 May 1997,1997-05-26T00:00:00Z,1997,Ballagarey Corner,1997 Isle of Man TT,Practice,750cc Honda
182,Danny Shimmin,Isle of Man,http://upload.wikimedia.org/wikipedia/commons/thumb/b/bc/Flag_of_the_Isle_of_Man.svg/22px-Flag_of_the_Isle_of_Man.svg.png,16 August 1997,1997-08-16T00:00:00Z,1997,Greeba Castle,1997 Manx Grand Prix,Practice,349cc Aermacchi
183,Pamela Cannell,Isle of Man,http://upload.wikimedia.org/wikipedia/commons/thumb/b/bc/Flag_of_the_Isle_of_Man.svg/22px-Flag_of_the_Isle_of_Man.svg.png,18 August 1997,1997-08-18T00:00:00Z,1997,Bungalow Bridge,1997 Manx Grand Prix,Practice,250cc Yamaha
184,Roger Bowler,United Kingdom,http://upload.wikimedia.org/wikipedia/en/thumb/a/ae/Flag_of_the_United_Kingdom.svg/22px-Flag_of_the_United_Kingdom.svg.png,18 August 1997,1997-08-18T00:00:00Z,1997,Quarry Bends,1997 Manx Grand Prix,Practice,500cc Matchless
185,Emmet Nolan,Republic of Ireland,http://upload.wikimedia.org/wikipedia/commons/thumb/4/45/Flag_of_Ireland.svg/22px-Flag_of_Ireland.svg.png,29 August 1997,1997-08-29T00:00:00Z,1997,Lambfell Cottage,1997 Manx Grand Prix,Senior,750cc Yamaha
186,Mike Casey,Isle of Man,http://upload.wikimedia.org/wikipedia/commons/thumb/b/bc/Flag_of_the_Isle_of_Man.svg/22px-Flag_of_the_Isle_of_Man.svg.png,8 June 1998,1998-06-08T00:00:00Z,1998,Ballagarey Corner,1998 Isle of Man TT,Practice,Honda RS 250cc
187,Charles I Hardisty,Wales,http://upload.wikimedia.org/wikipedia/commons/thumb/5/59/Flag_of_Wales_2.svg/22px-Flag_of_Wales_2.svg.png,12 June 1998,1998-06-12T00:00:00Z,1998,Kerrowmoar,1998 Isle of Man TT,Production TT,Kawasaki ZXR7RR
188,John Henderson,United Kingdom,http://upload.wikimedia.org/wikipedia/en/thumb/a/ae/Flag_of_the_United_Kingdom.svg/22px-Flag_of_the_United_Kingdom.svg.png,12 June 1998,1998-06-12T00:00:00Z,1998,Rhencullen,1998 Isle of Man TT,Senior TT,Honda 750cc
189,Adam Woodhall,United Kingdom,http://upload.wikimedia.org/wikipedia/en/thumb/a/ae/Flag_of_the_United_Kingdom.svg/22px-Flag_of_the_United_Kingdom.svg.png,27 August 1998,1998-08-27T00:00:00Z,1998,Ballaspur,1998 Manx Grand Prix,Practice,996cc Suzuki
190,Rob Wingrave,United Kingdom,http://upload.wikimedia.org/wikipedia/en/thumb/a/ae/Flag_of_the_United_Kingdom.svg/22px-Flag_of_the_United_Kingdom.svg.png,27 August 1998,1998-08-27T00:00:00Z,1998,Union Mills,1998 Manx Grand Prix,Senior Classic,500cc Norton
191,Chris East,United Kingdom,http://upload.wikimedia.org/wikipedia/en/thumb/a/ae/Flag_of_the_United_Kingdom.svg/22px-Flag_of_the_United_Kingdom.svg.png,31 August 1998,1998-08-31T00:00:00Z,1998,Kirk Michael,1998 Manx Grand Prix,Senior Classic,Matchless
192,Bernadette Bosman,Netherlands,http://upload.wikimedia.org/wikipedia/commons/thumb/2/20/Flag_of_the_Netherlands.svg/22px-Flag_of_the_Netherlands.svg.png,31 May 1999,1999-05-31T00:00:00Z,1999,Kirk Michael,1999 Isle of Man TT,Practice Sidecar TT (Passenger),600cc Ireson Yamaha
193,Simon Beck,England,http://upload.wikimedia.org/wikipedia/en/thumb/b/be/Flag_of_England.svg/22px-Flag_of_England.svg.png,1 June 1999,1999-06-01T00:00:00Z,1999,33rd Milestone,1999 Isle of Man TT,Practice,Honda RC45
194,Terry Fenton,England,http://upload.wikimedia.org/wikipedia/en/thumb/b/be/Flag_of_England.svg/22px-Flag_of_England.svg.png,7 June 1999,1999-06-07T00:00:00Z,1999,Hillberry Corner,1999 Isle of Man TT,Sidecar TT (Passenger),Honda CBR 600cc
195,Stuart Murdoch,New Zealand,http://upload.wikimedia.org/wikipedia/commons/thumb/3/3e/Flag_of_New_Zealand.svg/22px-Flag_of_New_Zealand.svg.png,9 June 1999,1999-06-09T00:00:00Z,1999,Gorse Lea,1999 Isle of Man TT,Junior TT,Honda 600cc
196,Martin J. Smith,United Kingdom,http://upload.wikimedia.org/wikipedia/en/thumb/a/ae/Flag_of_the_United_Kingdom.svg/22px-Flag_of_the_United_Kingdom.svg.png,3 September 1999,1999-09-03T00:00:00Z,1999,13th Milestone,1999 Manx Grand Prix,Senior,600cc Honda
197,Stephen Wood,United Kingdom,http://upload.wikimedia.org/wikipedia/en/thumb/a/ae/Flag_of_the_United_Kingdom.svg/22px-Flag_of_the_United_Kingdom.svg.png,29 May 2000,2000-05-29T00:00:00Z,2000,Whitegates,2000 Isle of Man TT,Practice Sidecar TT (passenger),Baker Yamaha 600cc
198,Chris Ascott,United Kingdom,http://upload.wikimedia.org/wikipedia/en/thumb/a/ae/Flag_of_the_United_Kingdom.svg/22px-Flag_of_the_United_Kingdom.svg.png,30 May 2000,2000-05-30T00:00:00Z,2000,Westwood Corner,2000 Isle of Man TT,Practice,Kawasaki ZXR400
199,Raymond Hanna,Northern Ireland,http://upload.wikimedia.org/wikipedia/commons/thumb/8/88/Ulster_banner.svg/22px-Ulster_banner.svg.png,31 May 2000,2000-05-31T00:00:00Z,2000,Greeba Castle,2000 Isle of Man TT,Practice,TZ 250cc Yamaha
200,Leslie Williams,United Kingdom,http://upload.wikimedia.org/wikipedia/en/thumb/a/ae/Flag_of_the_United_Kingdom.svg/22px-Flag_of_the_United_Kingdom.svg.png,9 June 2000,2000-06-09T00:00:00Z,2000,Ballaugh Bridge,2000 Isle of Man TT,Production TT,1000cc Honda VTR-SP1
201,Kenneth Munro,United Kingdom,http://upload.wikimedia.org/wikipedia/en/thumb/a/ae/Flag_of_the_United_Kingdom.svg/22px-Flag_of_the_United_Kingdom.svg.png,19 August 2000,2000-08-19T00:00:00Z,2000,Ginger Hall,2000 Manx Grand Prix,Practice,600cc Honda
202,Colin Daniels,United Kingdom,http://upload.wikimedia.org/wikipedia/en/thumb/a/ae/Flag_of_the_United_Kingdom.svg/22px-Flag_of_the_United_Kingdom.svg.png,27 May 2002,2002-05-27T00:00:00Z,2002,Bray Hill,2002 Isle of Man TT,Practice,600cc Suzuki
203,Shane Ellis,United Kingdom,http://upload.wikimedia.org/wikipedia/en/thumb/a/ae/Flag_of_the_United_Kingdom.svg/22px-Flag_of_the_United_Kingdom.svg.png,19 August 2002,2002-08-19T00:00:00Z,2002,Ballaspur,2002 Manx Grand Prix,Practice,1000cc Aprilia
204,Leslie Turner,United Kingdom,http://upload.wikimedia.org/wikipedia/en/thumb/a/ae/Flag_of_the_United_Kingdom.svg/22px-Flag_of_the_United_Kingdom.svg.png,19 August 2002,2002-08-19T00:00:00Z,2002,Ballaspur,2002 Manx Grand Prix,Practice,600cc Yamaha
205,Phil Hayhurst,United Kingdom,http://upload.wikimedia.org/wikipedia/en/thumb/a/ae/Flag_of_the_United_Kingdom.svg/22px-Flag_of_the_United_Kingdom.svg.png,31 August 2002,2002-08-31T00:00:00Z,2002,Schoolhouse Corner,2002 Manx Grand Prix,Ultra-Lightweight,124cc Yamaha
206,David Jefferies,England,http://upload.wikimedia.org/wikipedia/en/thumb/b/be/Flag_of_England.svg/22px-Flag_of_England.svg.png,29 May 2003,2003-05-29T00:00:00Z,2003,Crosby,2003 Isle of Man TT,Practice,Suzuki GSX-R1000
207,Martin Farley,United Kingdom,http://upload.wikimedia.org/wikipedia/en/thumb/a/ae/Flag_of_the_United_Kingdom.svg/22px-Flag_of_the_United_Kingdom.svg.png,25 August 2003,2003-08-25T00:00:00Z,2003,Alpine Cottage,2003 Manx Grand Prix,Newcomers,599cc Yamaha
208,Serge le Moal,France,http://upload.wikimedia.org/wikipedia/en/thumb/c/c3/Flag_of_France.svg/22px-Flag_of_France.svg.png,29 May 2004,2004-05-29T00:00:00Z,2004,Braddan Bridge,2004 Isle of Man TT,Practice,125cc Honda RS
209,Paul Cowley,Isle of Man,http://upload.wikimedia.org/wikipedia/commons/thumb/b/bc/Flag_of_the_Isle_of_Man.svg/22px-Flag_of_the_Isle_of_Man.svg.png,2 June 2004,2004-06-02T00:00:00Z,2004,Black Dub,2004 Isle of Man TT,Practice Sidecar TT (Passenger),600cc Yamaha Thundercat
210,Colin Breeze,England,http://upload.wikimedia.org/wikipedia/en/thumb/b/be/Flag_of_England.svg/22px-Flag_of_England.svg.png,5 June 2004,2004-06-05T00:00:00Z,2004,Quarry Bends,2004 Isle of Man TT,Formula 1 TT,Suzuki GSX-R1000
211,Gavin Feighery,Isle of Man,http://upload.wikimedia.org/wikipedia/commons/thumb/b/bc/Flag_of_the_Isle_of_Man.svg/22px-Flag_of_the_Isle_of_Man.svg.png,28 August 2004,2004-08-28T00:00:00Z,2004,Mountain Box,2004 Manx Grand Prix,Practice,600cc Suzuki
212,Tommy Clucas,Isle of Man,http://upload.wikimedia.org/wikipedia/commons/thumb/b/bc/Flag_of_the_Isle_of_Man.svg/22px-Flag_of_the_Isle_of_Man.svg.png,1 September 2004,2004-09-01T00:00:00Z,2004,Ballaugh Bridge,2004 Manx Grand Prix,Junior,600cc Honda
213,Joakim Karlsson,Sweden,http://upload.wikimedia.org/wikipedia/en/thumb/4/4c/Flag_of_Sweden.svg/22px-Flag_of_Sweden.svg.png,30 May 2005,2005-05-30T00:00:00Z,2005,Douglas Road Corner,2005 Isle of Man TT,Practice,1000cc Suzuki GSXR
214,Les Harah,England,http://upload.wikimedia.org/wikipedia/en/thumb/b/be/Flag_of_England.svg/22px-Flag_of_England.svg.png,4 June 2005,2005-06-04T00:00:00Z,2005,Parliament Square,2005 Isle of Man TT,Sidecar Race A,600cc Yamaha
215,Gus Scott,England,http://upload.wikimedia.org/wikipedia/en/thumb/b/be/Flag_of_England.svg/22px-Flag_of_England.svg.png,10 June 2005,2005-06-10T00:00:00Z,2005,Rhencullen,2005 Isle of Man TT,Senior TT,1000cc Honda CBR
216,Geoff Sawyer,England,http://upload.wikimedia.org/wikipedia/en/thumb/b/be/Flag_of_England.svg/22px-Flag_of_England.svg.png,24 August 2005,2005-08-24T00:00:00Z,2005,Union Mills,2005 Manx Grand Prix,Practice,496cc Matchless
217,John Loder,England,http://upload.wikimedia.org/wikipedia/en/thumb/b/be/Flag_of_England.svg/22px-Flag_of_England.svg.png,26 August 2005,2005-08-26T00:00:00Z,2005,33rd Milestone,2005 Manx Grand Prix,Practice,496cc Seeley
218,Eddie Byers,England,http://upload.wikimedia.org/wikipedia/en/thumb/b/be/Flag_of_England.svg/22px-Flag_of_England.svg.png,31 August 2005,2005-08-31T00:00:00Z,2005,27th Milestone,2005 Manx Grand Prix,Junior Classic,350cc 7R AJS
219,Tim Johnson,England,http://upload.wikimedia.org/wikipedia/en/thumb/b/be/Flag_of_England.svg/22px-Flag_of_England.svg.png,31 August 2005,2005-08-31T00:00:00Z,2005,Stonebreakers Hut,2005 Manx Grand Prix,Junior Classic,349cc Aermacchi
220,John Bourke,Republic of Ireland,http://upload.wikimedia.org/wikipedia/commons/thumb/4/45/Flag_of_Ireland.svg/22px-Flag_of_Ireland.svg.png,1 September 2005,2005-09-01T00:00:00Z,2005,Union Mills,2005 Manx Grand Prix,Junior,600cc Suzuki
221,Don Leeson,United Kingdom,http://upload.wikimedia.org/wikipedia/en/thumb/a/ae/Flag_of_the_United_Kingdom.svg/22px-Flag_of_the_United_Kingdom.svg.png,2 September 2005,2005-09-02T00:00:00Z,2005,Quarry Bends,2005 Manx Grand Prix,Ultra-Lightweight,400cc Honda
222,Jun Maeda,Japan,http://upload.wikimedia.org/wikipedia/en/thumb/9/9e/Flag_of_Japan.svg/22px-Flag_of_Japan.svg.png,29 May 2006,2006-05-29T00:00:00Z,2006,Ballahutchin Hill,2006 Isle of Man TT,Practice,1000cc Honda Fireblade
223,Terry Craine,Isle of Man,http://upload.wikimedia.org/wikipedia/commons/thumb/b/bc/Flag_of_the_Isle_of_Man.svg/22px-Flag_of_the_Isle_of_Man.svg.png,21 August 2006,2006-08-21T00:00:00Z,2006,33rd Milestone,2006 Manx Grand Prix,Practice,250cc Honda
224,Marc Ramsbotham,England,http://upload.wikimedia.org/wikipedia/en/thumb/b/be/Flag_of_England.svg/22px-Flag_of_England.svg.png,8 June 2007,2007-06-08T00:00:00Z,2007,26th Milestone,2007 Isle of Man TT,Senior TT,1000cc GSXR Suzuki
225,John Goodall,Wales,http://upload.wikimedia.org/wikipedia/commons/thumb/5/59/Flag_of_Wales_2.svg/22px-Flag_of_Wales_2.svg.png,25 August 2008,2008-08-25T00:00:00Z,2008,Ballacraine,2008 Manx Grand Prix,Junior Classic Race,AJS 7R 349cc
226,John Crellin,Isle of Man,http://upload.wikimedia.org/wikipedia/commons/thumb/b/bc/Flag_of_the_Isle_of_Man.svg/22px-Flag_of_the_Isle_of_Man.svg.png,12 June 2009,2009-06-12T00:00:00Z,2009,Mountain Mile,2009 Isle of Man TT,Senior TT,1000cc Suzuki
227,Richard Bartlett,England,http://upload.wikimedia.org/wikipedia/en/thumb/b/be/Flag_of_England.svg/22px-Flag_of_England.svg.png,1 September 2009,2009-09-01T00:00:00Z,2009,Kerrowmoar,2009 Manx Grand Prix,Newcomers Race Class A,Honda CBR 600cc
228,Paul Dobbs,New Zealand,http://upload.wikimedia.org/wikipedia/commons/thumb/3/3e/Flag_of_New_Zealand.svg/22px-Flag_of_New_Zealand.svg.png,10 June 2010,2010-06-10T00:00:00Z,2010,Ballagarey Corner,2010 Isle of Man TT,Supersport TT Race 2,600cc Suzuki
229,Martin Loicht,Austria,http://upload.wikimedia.org/wikipedia/commons/thumb/4/41/Flag_of_Austria.svg/22px-Flag_of_Austria.svg.png,10 June 2010,2010-06-10T00:00:00Z,2010,Quarry Bends,2010 Isle of Man TT,Supersport TT Race 2,600cc Honda
230,Jamie Adam,Scotland,http://upload.wikimedia.org/wikipedia/commons/thumb/1/10/Flag_of_Scotland.svg/22px-Flag_of_Scotland.svg.png,1 September 2010,2010-09-01T00:00:00Z,2010,Alpine Cottage,2010 Manx Grand Prix,Junior,600cc Suzuki GSX-R
231,Chris Bradshaw,England,http://upload.wikimedia.org/wikipedia/en/thumb/b/be/Flag_of_England.svg/22px-Flag_of_England.svg.png,1 September 2010,2010-09-01T00:00:00Z,2010,Alpine Cottage,2010 Manx Grand Prix,Junior,600cc Yamaha R6
232,Bill Currie,England,http://upload.wikimedia.org/wikipedia/en/thumb/b/be/Flag_of_England.svg/22px-Flag_of_England.svg.png,31 May 2011,2011-05-31T00:00:00Z,2011,Ballacrye Corner,2011 Isle of Man TT,Practice Sidecar TT,600cc LCR Yamaha
233,Kevin Morgan,England,http://upload.wikimedia.org/wikipedia/en/thumb/b/be/Flag_of_England.svg/22px-Flag_of_England.svg.png,31 May 2011,2011-05-31T00:00:00Z,2011,Ballacrye Corner,2011 Isle of Man TT,Practice Sidecar TT (Passenger),600cc LCR Yamaha
234,Derek Brien,Republic of Ireland,http://upload.wikimedia.org/wikipedia/commons/thumb/4/45/Flag_of_Ireland.svg/22px-Flag_of_Ireland.svg.png,6 June 2011,2011-06-06T00:00:00Z,2011,Gorse Lea,2011 Isle of Man TT,Supersport TT Race 1,600cc Yamaha
235,Neil Kent,England,http://upload.wikimedia.org/wikipedia/en/thumb/b/be/Flag_of_England.svg/22px-Flag_of_England.svg.png,24 August 2011,2011-08-24T00:00:00Z,2011,Greeba Bridge,2011 Manx Grand Prix,Practice,250cc Yamaha
236,Wayne Hamilton,Northern Ireland,http://upload.wikimedia.org/wikipedia/commons/thumb/8/88/Ulster_banner.svg/22px-Ulster_banner.svg.png,29 August 2011,2011-08-29T00:00:00Z,2011,13th Milestone,2011 Manx Grand Prix,Junior,600cc Yamaha R6
237,Adam Easton,Scotland,http://upload.wikimedia.org/wikipedia/commons/thumb/1/10/Flag_of_Scotland.svg/22px-Flag_of_Scotland.svg.png,31 August 2011,2011-08-31T00:00:00Z,2011,Lambfell,2011 Manx Grand Prix,500cc Classic,499cc Norton Manx
238,Steve Osborne,Isle of Man,http://upload.wikimedia.org/wikipedia/commons/thumb/b/bc/Flag_of_the_Isle_of_Man.svg/22px-Flag_of_the_Isle_of_Man.svg.png,24 August 2012,2012-08-24T00:00:00Z,2012,Quarterbridge Road,2012 Manx Grand Prix,Practice,650cc Hyosung
239,Trevor Ferguson,Northern Ireland,http://upload.wikimedia.org/wikipedia/commons/thumb/8/88/Ulster_banner.svg/22px-Ulster_banner.svg.png,29 August 2012,2012-08-29T00:00:00Z,2012,The Nook,2012 Manx Grand Prix,Super-Twin Race,650cc Kawasaki
